{
  "train_loss": [
    0.7515153852177829,
    0.7456947827666272,
    0.695326975387771,
    0.6889210581416036,
    0.656833369739172,
    0.6165498164368839,
    0.7782412552070327,
    0.7048656141794309,
    0.6469338548074408,
    0.6997120757473678,
    0.6374701678571177,
    0.6468281050825991,
    0.6362484201970624,
    0.6777613198430072,
    0.6457680879933078,
    0.6769149680508346,
    0.655862868468209,
    0.7087838301753125,
    0.6922184842207083,
    0.713758556944568,
    0.6818819449442189,
    0.6464579714144149,
    0.6827376975518901,
    0.6559745552154576,
    0.6931023043466777,
    0.7197913308514328,
    0.6551729476124775,
    0.7248694017166044,
    0.7526167562095131,
    0.6343263862881718,
    0.6701050202657537,
    0.7295080727738578,
    0.6387797736721795,
    0.7180405500821951,
    0.6281943719198064,
    0.5875940796260427,
    0.7065784377840961,
    0.7168886575211839,
    0.6632549698214706,
    0.6578833462625016,
    0.6733334867692575,
    0.68381469060735,
    0.7728063423277401,
    0.7052428606079846,
    0.6995167138918144,
    0.6570890110622092,
    0.7050042972877258,
    0.6520992269421496,
    0.6726569317099524,
    0.721722479364494
  ],
  "train_dir": [
    0.74621967735087,
    0.7432148101307997,
    0.692778697918828,
    0.6866358838430265,
    0.6545790674664625,
    0.6139992394643586,
    0.7759010169382502,
    0.7023531119452744,
    0.6443795241052057,
    0.6972413116657152,
    0.6347621332218008,
    0.6444301877806826,
    0.6338183368306335,
    0.6755117809445392,
    0.6436121906267434,
    0.6748064973550599,
    0.6537265337821914,
    0.7067195907598589,
    0.6901633719482073,
    0.711640070215231,
    0.6795974958051996,
    0.6440269406430605,
    0.6803892101274758,
    0.6537566410332192,
    0.6909074554356133,
    0.7176322211943021,
    0.6530623110692676,
    0.7227272665718707,
    0.7504353367882531,
    0.6321462891632463,
    0.6679558709445523,
    0.7273629891072831,
    0.6366541173036505,
    0.7159465376923724,
    0.6261347866639858,
    0.5854804014287344,
    0.7045375442177784,
    0.7148740608699438,
    0.661184508262611,
    0.6558796654387218,
    0.6712582014137651,
    0.6817828038843666,
    0.7707630909252458,
    0.7032320258639208,
    0.6974917583894439,
    0.6550835797154322,
    0.7029732662003215,
    0.6500888809380008,
    0.6706733257487053,
    0.7196931496444272
  ],
  "train_align": [
    0.05295707804304207,
    0.024799718879299555,
    0.02548277193947309,
    0.02285173767751719,
    0.022543027497282844,
    0.025505770284614367,
    0.023402388160764353,
    0.02512502105815745,
    0.02554330994125183,
    0.024707651303842573,
    0.027080344225041478,
    0.023979175049334583,
    0.02430082913119028,
    0.022495388490624907,
    0.02155896418347455,
    0.021084701809918553,
    0.021363335949789005,
    0.020642384787362706,
    0.020551120670705397,
    0.021184868640663875,
    0.022844486783269974,
    0.02431032197300072,
    0.023484881804040746,
    0.02217913312246887,
    0.021948484429896515,
    0.021591096060214247,
    0.021106366252685648,
    0.02142135773234569,
    0.02181419528305258,
    0.021800971551650634,
    0.021491496142272543,
    0.021450845313133536,
    0.021256571035071208,
    0.02094012632449271,
    0.020595855051197293,
    0.021136779685947682,
    0.020408942148361992,
    0.02014595873670925,
    0.020704618993033542,
    0.020036798348173318,
    0.020752845503810066,
    0.020318875553529347,
    0.020432524726635252,
    0.020108346093343797,
    0.020249557573484574,
    0.020054305030498654,
    0.020310303930295405,
    0.020103460451781113,
    0.01983606000430882,
    0.020293294352751862
  ],
  "val_loss": [
    0.7021848157696102,
    0.6898924285087032,
    0.6898658582265826,
    0.6872641210970671,
    0.6884675945924676,
    0.6904924438483473,
    0.7020059266816014,
    0.6919104024983834,
    0.6901106108789858,
    0.6920238525971122,
    0.6931706118410912,
    0.6921956927879996,
    0.6947312631468842,
    0.6882277891255807,
    0.6888149644153706,
    0.6876287136388861,
    0.6871843173883964,
    0.6872087108052295,
    0.6882614083048226,
    0.6947932092175968,
    0.689439614613851,
    0.7033313288204912,
    0.6985436954360077,
    0.6928597818250242,
    0.6916045943895975,
    0.6918520996536034,
    0.6934307360130808,
    0.6906797263933264,
    0.6984450147635695,
    0.696773956651273,
    0.6927918657876443,
    0.6982548902000206,
    0.6956320603688558,
    0.696294440307479,
    0.6997507560080376,
    0.7058372856050298,
    0.6938550783240277,
    0.693253295145173,
    0.6916661418002584,
    0.6895376197669817,
    0.6911528944105342,
    0.6912367577138154,
    0.6984873945298402,
    0.6906964787538501,
    0.6911792115888734,
    0.6916219475476638,
    0.6905260565488235,
    0.692121174024499,
    0.6907482294068821,
    0.6910056454547937
  ],
  "val_dir": [
    0.6988858152990756,
    0.6870347231194593,
    0.6869078226711439,
    0.6844724744990252,
    0.6852427954259126,
    0.6877826806427776,
    0.698981714853342,
    0.6875486589860225,
    0.6865548016368479,
    0.6885266830955726,
    0.689949230439421,
    0.6892554125060206,
    0.6914048540419426,
    0.6855542253756869,
    0.6862021386623383,
    0.6847617379997087,
    0.6844633692416592,
    0.6846857537393984,
    0.6854105323985002,
    0.6919685999552408,
    0.6861408335575159,
    0.6894108402556267,
    0.6851492575977159,
    0.6864427803219229,
    0.6847291113673777,
    0.6857066335885421,
    0.6870574795681498,
    0.6857816594234412,
    0.689037213290947,
    0.6880894000979437,
    0.6847387746624325,
    0.6894775145295737,
    0.6884781303613082,
    0.6854650525079258,
    0.6917635003725687,
    0.6987721881140834,
    0.6866829680359882,
    0.6873922788578531,
    0.6861002056495004,
    0.6847760491613029,
    0.6852275508901348,
    0.6850813091665074,
    0.6938946432825448,
    0.6860135819600977,
    0.6861365778722625,
    0.6862721538198167,
    0.6859727380932241,
    0.6867973346641099,
    0.6858155748982361,
    0.6866253104762755
  ],
  "val_align": [
    0.032990002431029425,
    0.028577053757465404,
    0.029580361688968496,
    0.027916463409159063,
    0.03224799051826847,
    0.027097604163260996,
    0.030242112816135952,
    0.043617435211342745,
    0.03555808362105618,
    0.03497169791059433,
    0.03221382464592656,
    0.02940278914689586,
    0.033264090307056904,
    0.026735635379842228,
    0.02612825128776224,
    0.028669756830440485,
    0.027209511654370504,
    0.025229556863938553,
    0.028508754480846117,
    0.028246093980050173,
    0.0329877829408624,
    0.1392048968245154,
    0.13394437908478404,
    0.06417001972811809,
    0.0687548447859244,
    0.061454659078162215,
    0.06373255632385827,
    0.048980665703614555,
    0.09407801459124987,
    0.0868455436674581,
    0.08053092520845972,
    0.08777376788033955,
    0.07153933560070784,
    0.10829386487603188,
    0.07987253851108793,
    0.07065099722071402,
    0.07172108324163634,
    0.05861015948534444,
    0.055659349737823875,
    0.04761572536485999,
    0.059253443261959415,
    0.061554482071727944,
    0.04592753189575413,
    0.04682896531902361,
    0.050426343800095114,
    0.05349795792953692,
    0.04553316682712107,
    0.053238392456610134,
    0.049326518651745886,
    0.04380335852476782
  ],