{
  "train_loss": [
    2.1835395241292512,
    1.8955254691039645,
    1.8157082150985555,
    1.7650187006447373,
    1.7586900997089177,
    1.7532495514648716,
    1.7506646523024978,
    1.7486427767974575,
    1.747598446905613,
    1.745312507741335,
    1.7447107219841422,
    1.7432055827684518,
    1.7420623213416193,
    1.7419376029837421,
    1.7405593864074567,
    1.7393454300557696,
    1.7387127460139553,
    1.7387138596031724,
    1.7370266367386027,
    1.7344578177463719,
    1.7338470058833682,
    1.7330648611958435,
    1.7331874721297404,
    1.732400614313963,
    1.7319310409266775,
    1.7298673954678745,
    1.7292012314244014,
    1.7293109192353924,
    1.7292567197142579,
    1.7291538380995028,
    1.7286115079754736,
    1.7281403939534978,
    1.7275323591581204,
    1.727522709020754,
    1.7270838142168232,
    1.7277913409762267,
    1.7271164990052945,
    1.7270837064559867,
    1.7263583964327487,
    1.7263843342661858,
    1.7269427690927575,
    1.7261756047969912,
    1.7259192590306445,
    1.726152001721103,
    1.7262368347586654,
    1.725698797622832,
    1.7257544856245925,
    1.726127919263956,
    1.7254678288974412,
    1.7258949959423484,
    1.725425173596638,
    1.7262953176367573,
    1.725599435407941,
    1.7256941117528009,
    1.7258379882792148,
    1.725386905415756,
    1.7261397426084775,
    1.7259227924230622,
    1.725462665826809,
    1.725325542615681,
    1.7257520999850295,
    1.7257425123598518,
    1.7251346710978486,
    1.7251236155265715,
    1.7255814262643092,
    1.725224884181488,
    1.7252796573973284,
    1.7259433196812142,
    1.725321127692374,
    1.7254705120150635,
    1.7256834443386009,
    1.7252043376608592,
    1.7256051959787928,
    1.7253113234551942,
    1.7253802367826787,
    1.7253367637352246,
    1.7253832838884213,
    1.7249517442613114,
    1.725727570129604,
    1.7255201552335808,
    1.7254539192086313,
    1.7253932529469815,
    1.7253900710039023,
    1.7256351740258495,
    1.7255258211275426,
    1.725838728975959,
    1.7255971233655767,
    1.7255104002429218,
    1.7251518888444435,
    1.726300526864645,
    1.7255218674133463,
    1.725383351852254,
    1.7258143643053567,
    1.725901754891,
    1.7255563181711406,
    1.7252815698341626,
    1.725403247264827,
    1.7251666295455723,
    1.7257812057689923,
    1.7253474436882066
  ],
  "train_ce": [
    2.1835319383478744,
    1.8955179483788769,
    1.8157007150897166,
    1.7650112022713917,
    1.7586826107850888,
    1.7532420709002308,
    1.7506571768260584,
    1.7486353071361054,
    1.7475909777894252,
    1.7453050400789192,
    1.7447032550486123,
    1.743198118922187,
    1.7420548549512538,
    1.7419301353213263,
    1.7405519258321784,
    1.7393379725697564,
    1.738705289618271,
    1.7387064033892097,
    1.737019175981603,
    1.7344503602603587,
    1.733839552213506,
    1.7330573929882631,
    1.7331800191867641,
    1.732393163733366,
    1.7319235852578792,
    1.7298599459776065,
    1.7291937802986401,
    1.7293034704720103,
    1.7292492694971038,
    1.7291463911533356,
    1.728604059393813,
    1.7281329460987231,
    1.7275249143926108,
    1.7275152626197512,
    1.7270763694513134,
    1.7277838936666163,
    1.7271090533311775,
    1.7270762515140743,
    1.7263509503951886,
    1.7263768918630553,
    1.7269353252358552,
    1.7261681585777096,
    1.7259118184447289,
    1.7261445576824792,
    1.7262293936275854,
    1.725691358490688,
    1.7257470441300695,
    1.7261204757704967,
    1.7254603914007909,
    1.7258875553564328,
    1.725417728285964,
    1.7262878735981337,
    1.7255919904607098,
    1.7256866680776202,
    1.7258305458760843,
    1.7253794610136892,
    1.7261323027494477,
    1.7259153514737036,
    1.7254552239688432,
    1.7253180994856647,
    1.7257446595808354,
    1.725735068321228,
    1.7251272321474262,
    1.725116173486884,
    1.7255739847697862,
    1.7252174432321292,
    1.7252722135404261,
    1.7259358707361105,
    1.7253136823816997,
    1.7254630699753761,
    1.7256760012085846,
    1.7251968959846147,
    1.7255977490326253,
    1.725303874691812,
    1.7253727958333203,
    1.725329318606272,
    1.7253758429390629,
    1.7249443016764594,
    1.7257201253640941,
    1.725512715374551,
    1.7254464771689437,
    1.725385808181472,
    1.7253826293276577,
    1.72562772926034,
    1.725518379814741,
    1.72583128675455,
    1.725589682416218,
    1.7255029543870832,
    1.7251444446240984,
    1.7262930877325011,
    1.7255144262822664,
    1.7253759132652748,
    1.725806923719441,
    1.725894309580326,
    1.725548874132517,
    1.7252741276127537,
    1.7253958063154686,
    1.7251591885962136,
    1.7257737617303686,
    1.7253400014667977
  ],
  "train_phys": [
    7.583800346232815e-05,
    7.522038325676964e-05,
    7.499291942489125e-05,
    7.496208196443615e-05,
    7.490237311596901e-05,
    7.47879251143675e-05,
    7.477290104938352e-05,
    7.471374710914416e-05,
    7.47006673164589e-05,
    7.467792211838702e-05,
    7.468481528964575e-05,
    7.464922214239778e-05,
    7.465988452034852e-05,
    7.466898622202811e-05,
    7.460918519849124e-05,
    7.458470034779144e-05,
    7.45832165570968e-05,
    7.458444445258398e-05,
    7.460525447330416e-05,
    7.457098749688246e-05,
    7.453307422310456e-05,
    7.466705753869041e-05,
    7.452681902910494e-05,
    7.450405558013632e-05,
    7.455335147957468e-05,
    7.448453403057788e-05,
    7.449296596150373e-05,
    7.449198492727968e-05,
    7.44897291364085e-05,
    7.447434077997658e-05,
    7.446748215842513e-05,
    7.44824959361367e-05,
    7.445118060276423e-05,
    7.444671112951743e-05,
    7.444616806135788e-05,
    7.447761163348332e-05,
    7.445326646231434e-05,
    7.455810289063332e-05,
    7.447578524611677e-05,
    7.441360042587515e-05,
    7.44356801289275e-05,
    7.448287352617183e-05,
    7.441947473846706e-05,
    7.443103329312247e-05,
    7.44048195207231e-05,
    7.440350699231735e-05,
    7.442284517887079e-05,
    7.442580013270256e-05,
    7.438497746301348e-05,
    7.442916505790823e-05,
    7.443136670611616e-05,
    7.443541798371681e-05,
    7.444721274911966e-05,
    7.444967109111575e-05,
    7.442310980300912e-05,
    7.443634249617257e-05,
    7.441197175932934e-05,
    7.441475690939114e-05,
    7.442109826137667e-05,
    7.442764428294428e-05,
    7.441725584590685e-05,
    7.445040342290445e-05,
    7.440352723966587e-05,
    7.441924834915326e-05,
    7.439582650366036e-05,
    7.441397748906882e-05,
    7.442843324741528e-05,
    7.447987316415337e-05,
    7.444106681094393e-05,
    7.442829469920713e-05,
    7.443381111176965e-05,
    7.441104949842755e-05,
    7.447731609761655e-05,
    7.447175417704473e-05,
    7.441268685508432e-05,
    7.448057121242838e-05,
    7.440630221336927e-05,
    7.441208848521033e-05,
    7.443711074191059e-05,
    7.442511968647745e-05,
    7.441799947983095e-05,
    7.444968292009258e-05,
    7.441703853767582e-05,
    7.442729009021494e-05,
    7.441998193427003e-05,
    7.441291309189138e-05,
    7.440639432189062e-05,
    7.443973858266318e-05,
    7.444821912164427e-05,
    7.442366979109753e-05,
    7.441781311660256e-05,
    7.440636337134226e-05,
    7.441626039286436e-05,
    7.444912162876479e-05,
    7.443294338727578e-05,
    7.443419617186186e-05,
    7.440462752306414e-05,
    7.44183980547926e-05,
    7.444881654043079e-05,
    7.441310215587536e-05
  ],