{
  "train_loss": [
    5.753503388929658,
    5.2965725273257345,
    4.965199692401944,
    4.748931581472478,
    4.561467935944476,
    4.421366246553456,
    4.290693515684547,
    4.153301591008175,
    4.014259010371639,
    3.85254359699604,
    3.6556213714364096,
    3.449151799809642,
    3.2666649820237623,
    3.088040770190518,
    2.916209323377144,
    2.7722334314773724,
    2.638660871582787,
    2.5224983074316163,
    2.4423536218521074,
    2.350897599284242,
    2.288492038846016,
    2.2363532178285643,
    2.169594522293021,
    2.1309098174295773,
    2.0853232138040587,
    2.0777211040258408,
    2.021277950122589,
    1.9994923685018609,
    1.9819189838883353,
    1.9401029359276702,
    1.8842259589128378,
    1.849263199764054,
    1.8338128719024542,
    1.828837927158286,
    1.8192206802891522,
    1.8044813871383667,
    1.7954649994286096,
    1.7872826720519763,
    1.7764716128387101,
    1.7685488491523556,
    1.758930623713063,
    1.738158427724024,
    1.721630767896408,
    1.719736463776449,
    1.717419185471244,
    1.7102226504101985,
    1.7110533198205435,
    1.704278701325742,
    1.694225615117608,
    1.6941733494764422,
    1.6904984696245775,
    1.6913956345581427,
    1.6772455633050058,
    1.673156662685115,
    1.671299190782919,
    1.668115501541917,
    1.6668527620594675,
    1.665460359396004,
    1.6637520989993724,
    1.65953950856517,
    1.6604312778246113,
    1.6584339439868927,
    1.6554084462000103,
    1.6528681006009986,
    1.6494008008299805,
    1.6466625203810088,
    1.6494421444651557,
    1.6474059536689665,
    1.645380122632515,
    1.6451139077544212,
    1.6444996897040345,
    1.6443138963929036,
    1.642633162620591,
    1.6423989948703022,
    1.6386494761923465,
    1.6398062064516834,
    1.634639132677055,
    1.637548574223751,
    1.636578046512313,
    1.6378311623887318,
    1.6356566553799117,
    1.6347960815197085,
    1.634842649102211,
    1.6350773094994266,
    1.6353631951823466,
    1.6353015607086623,
    1.6323053431583614,
    1.6310158093891494,
    1.6333077202846364,
    1.6296715581925905,
    1.6331457848229058,
    1.6307685386116912,
    1.6306984842550465,
    1.632376020637954,
    1.6327901642496994,
    1.6322651300125006,
    1.6316933788177443,
    1.6297351398119113,
    1.6294457725271947,
    1.6316843410817587
  ],
  "train_recon": [
    5.626613925052125,
    5.091855787376805,
    4.719779447811406,
    4.473604903170249,
    4.264315622972279,
    4.107310622203641,
    3.9616110967245044,
    3.811287712396645,
    3.660504839587502,
    3.4895659219927904,
    3.2833640987916692,
    3.0691919828333507,
    2.8795544566904625,
    2.6941234776523055,
    2.5180089268379096,
    2.3709225518310943,
    2.240499906423615,
    2.1253173009651465,
    2.046626044664441,
    1.9568220600485802,
    1.8957022624771769,
    1.8420123863147526,
    1.7774101341279542,
    1.7385756735031197,
    1.6946654625055266,
    1.6858044437518933,
    1.6297395142113291,
    1.6094583351074196,
    1.5914690169255907,
    1.5494796684602412,
    1.4944454898558013,
    1.4608212320542917,
    1.4454588628396756,
    1.4399708402229519,
    1.4309002353650768,
    1.4163822713421612,
    1.4083165508217927,
    1.3982762732520335,
    1.3882186936169136,
    1.380240479075327,
    1.3709873342659415,
    1.3504839792120746,
    1.3345315690811088,
    1.3320336489052307,
    1.3299542507383881,
    1.32237388520706,
    1.323844912030348,
    1.3162366351703318,
    1.3079600910224565,
    1.3070678965347569,
    1.3026336754967527,
    1.3047027891365492,
    1.2905564740663622,
    1.2855825451452558,
    1.284668612044032,
    1.2799716889858246,
    1.2797575142325424,
    1.2781614781152912,
    1.277624574558037,
    1.2727787354733886,
    1.2729767504625205,
    1.2708304804272768,
    1.2686510345921285,
    1.2657406082967433,
    1.2629650796695453,
    1.2592473800589399,
    1.2621578030833385,
    1.2600102339212487,
    1.2587013838858139,
    1.2583299431858994,
    1.2569988006498756,
    1.2572847026877287,
    1.255858945410426,
    1.2553940435371749,
    1.251005383708128,
    1.2528158248197743,
    1.2476475082519578,
    1.2495864995005654,
    1.2492751642698194,
    1.2509780235406829,
    1.2487677899075718,
    1.2482974040435582,
    1.2484447908837621,
    1.2480241027547092,
    1.2486996081907575,
    1.2490045586373748,
    1.2461102973760627,
    1.2445835238549767,
    1.2469573631519224,
    1.2432517939951362,
    1.246542937326722,
    1.2446302371781046,
    1.2441475235107469,
    1.2450127130964908,
    1.24538180595491,
    1.2459599621048787,
    1.245209907431428,
    1.2437850758433342,
    1.2426373349820696,
    1.2439888637603782
  ],
  "train_kl": [
    9.553814897995169,
    10.878167877836924,
    9.931339694232475,
    8.995739433823562,
    8.136542127626699,
    7.401583598881233,
    6.8086212059346645,
    6.305611987666386,
    5.8810744888898805,
    5.494808961705464,
    5.1739436246273,
    4.879505364269745,
    4.620092809200287,
    4.392623334396176,
    4.165992364287376,
    4.020253124760418,
    3.9816096047075784,
    3.971809935279009,
    3.957275670476076,
    3.9407553338423007,
    3.9278976909997985,
    3.9434082050149035,
    3.9218437700736812,
    3.9233413574899116,
    3.906577426122456,
    3.9191664798957544,
    3.9153842726131765,
    3.9003402714322255,
    3.904499549327827,
    3.9062325870845376,
    3.8978046287850634,
    3.8844195651571924,
    3.883540006672464,
    3.8886707468730646,
    3.8832043554724716,
    3.880991012948315,
    3.871484371583636,
    3.89006387024391,
    3.8825290999034556,
    3.8830835982793714,
    3.8794327923437444,
    3.8767443575510163,
    3.8709919060148845,
    3.877028044767496,
    3.8746492306633695,
    3.87848756880295,
    3.8720839557851234,
    3.880420577235338,
    3.862655140277816,
    3.871054429833482,
    3.8786478260668313,
    3.866928352815349,
    3.866890810611771,
    3.8757410481935595,
    3.866305659820394,
    3.8814379899967006,
    3.87095238341064,
    3.872988700866699,
    3.8612751448299827,
    3.8676076378764175,
    3.874545165314907,
    3.8760345094814532,
    3.867574014678234,
    3.871274794383747,
    3.864357134554444,
    3.874151288736157,
    3.872843325864978,
    3.8739570848098617,
    3.866787283522327,
    3.8678395453749634,
    3.875008793138876,
    3.8702918338339503,
    3.8677420576171175,
    3.870049389033783,
    3.876440825622256,
    3.869903696382918,
    3.8699161166824947,
    3.8796206153020627,
    3.8730287032156454,
    3.868531263819555,
    3.8688885369678823,
    3.8649866577328704,
    3.863978461157985,
    3.8705319624121595,
    3.8666357794185964,
    3.8629699069552306,
    3.861950306994159,
    3.864322756848684,
    3.8635034390339036,
    3.864197511861964,
    3.8660283528450057,
    3.8613828911287027,
    3.8655095060424105,
    3.8736329485730425,
    3.874083441568584,
    3.8630515664089016,
    3.864834599378632,
    3.8595005241109104,
    3.8680842722334514,
    3.8769546554582877
  ],